trade_date,close,sentiment_index,agreement_index,return,volatility,volume_million
2023-08-08,3979.7322,0.03155006858710562,0.0004978273299507396,0.0,0.9748531513703793,109.871699
2023-08-09,3967.5652,0.023411371237458192,0.0002740837125497775,-0.3061923794584487,0.5102170487550102,94.640269
2023-08-10,3975.7166,0.012640449438202247,7.989367249927604e-05,0.20524017821905416,0.7845843495205482,97.176849
2023-08-11,3884.2538,0.012404580152671756,7.693976424572035e-05,-2.327411528862217,2.3842984538802803,126.082931
2023-08-14,3855.9061,-0.01028999064546305,5.294335524130833e-05,-0.7324868507294283,1.1833047808985258,115.966336
2023-08-15,3846.5357,0.01899335232668566,0.00018038998657643468,-0.24330997535639382,1.3963872377270228,103.097111
2023-08-16,3818.3338,0.026892430278884463,0.0003616668045911542,-0.7358775583763774,0.9070968252341272,94.616946
2023-08-17,3831.1008,0.0160857908847185,0.0001293847043942753,0.3338027585623975,1.4084914862971607,98.415493
2023-08-18,3784.0038,0.022377622377622378,0.00025041034430794973,-1.2369521622880495,1.5781235276668513,95.549638
2023-08-21,3729.555,0.0008665511265164644,3.7545549791406785e-07,-1.4493731827957879,1.3993220305769176,98.708369
2023-08-22,3758.2271,0.004541326067211626,1.0311874391710774e-05,0.7658406656251673,1.7492822921955218,120.318327
2023-08-23,3696.6339,0.0234375,0.00027469593205253773,-1.6524681432167936,1.6409444453272197,97.081638
2023-08-24,3723.4293,-0.020531400966183576,0.00021079142933044803,0.7222449662964919,1.2693229828233732,119.614521
2023-08-25,3709.1517,0.010543390105433901,5.558308219721919e-05,-0.3841900293230313,1.0329468686717798,105.18261
2023-08-28,3752.6194,0.004081632653061225,8.329897250858309e-06,1.1650904623430016,4.469913551830189,197.990379
2023-08-29,3790.1067,0.021929824561403508,0.00024048751977057137,0.9940068925598319,1.8087209546355294,152.486146
2023-08-30,3788.5097,0.04708520179372197,0.0011091231911043442,-0.04214489662355312,0.8812837881889583,129.671661
2023-08-31,3765.2678,0.022099447513812154,0.0002442226125500824,-0.6153735225727366,0.8468129269106204,118.961646
2023-09-01,3791.4912,0.041766109785202864,0.0008725846652938296,0.6940410634633973,0.7807030128132154,105.319045
2023-09-04,3848.9517,0.02217741935483871,0.00024594921012710547,1.5041427333904047,1.297111337524585,142.385201
2023-09-05,3820.3174,0.0472972972972973,0.001119143406796974,-0.7467317336902438,0.6596391750900482,104.052333
2023-09-06,3812.0283,0.023066485753052916,0.00026606677826312986,-0.21720984831716575,0.6999877556687695,93.442393
2023-09-07,3758.4748,0.020676691729323307,0.00021378564258522914,-1.4148172878386152,1.2005217248521782,95.103903
2023-09-08,3739.9927,0.007797270955165692,3.0399179229201323e-05,-0.49295772575835517,0.7562197038077048,71.638166
2023-09-11,3767.537,0.018159806295399514,0.00016490287882298116,0.7337812753509666,1.4249310521842282,105.358016
2023-09-12,3760.6048,0.02106969205834684,0.0002219906016304174,-0.1841676775899936,0.5225888310447779,79.385378
2023-09-13,3736.6513,0.006436041834271922,2.0711531729999955e-05,-0.6389959522627915,1.327598306372525,81.576901
2023-09-14,3733.5077,0.004335260115606936,9.397284289502927e-06,-0.0841642108438964,0.8439983432377097,100.386075
2023-09-15,3708.7766,-0.0025795356835769563,3.327007705888896e-06,-0.6646129074407006,1.3330128531002463,109.395689
2023-09-18,3727.711,0.0257201646090535,0.0003308181540839783,0.50923075341599,1.2497547835564458,86.727741
2023-09-19,3720.5021,0.034912718204488775,0.0006096347734915186,-0.19357400638905928,0.5757096047106661,83.199038
2023-09-20,3705.6898,0.0034802784222737818,6.056187286995751e-06,-0.39892100400266667,0.36082798698392454,75.448209
2023-09-21,3672.4448,-0.004995004995004995,1.2475115264254377e-05,-0.9011823935405731,0.9757860846383112,83.031005
2023-09-22,3738.9327,0.022562449637389202,0.0002545644683541459,1.7942598048036211,2.0432225833566005,110.231166
2023-09-25,3714.6037,0.01335113484646195,8.913037295588122e-05,-0.6528199527715004,0.7210722783721816,92.596479
2023-09-26,3692.8928,0.03571428571428571,0.000637958597626942,-0.5861889281666779,0.8422044393573855,78.044525
2023-09-27,3700.495,0.02127659574468085,0.00022637238546974192,0.2056486927205133,0.9897388798002091,91.62921
2023-09-28,3689.5172,0.014729950900163666,0.00010849161197556967,-0.29709851019892153,0.831112456810288,85.221719
2023-10-09,3684.7272,0.011135857461024499,6.200558304225723e-05,-0.1299116333512036,1.4223965621070376,102.148058
2023-10-10,3657.1259,0.0364741641337386,0.0006654037056732509,-0.751892734950509,1.2414886750641394,99.16373
2023-10-11,3667.5483,0.019858156028368795,0.00019719262288875328,0.2845834981727006,0.8486708775718323,102.091587
2023-10-12,3702.3824,0.02010968921389397,0.00020222024665372818,0.9453103650197868,0.7750982193773257,114.363225
2023-10-13,3663.4104,0.0032520325203252032,5.287871737369443e-06,-1.0581987499846852,0.7061427604801909,98.287987
2023-10-16,3626.5972,0.007518796992481203,2.8266553606104416e-05,-1.009971866830757,1.326144938226124,91.853118
2023-10-17,3639.4018,0.01864406779661017,0.00017381573795771654,0.35245293194286,0.7278407948162311,90.745188
2023-10-18,3610.5767,-0.01873536299765808,0.00017552231736894797,-0.7951817205375517,0.637508338414671,94.545879
2023-10-19,3533.5445,0.012724550898203593,8.096037507165921e-05,-2.1566035463477813,1.5787364303047569,111.73752
2023-10-20,3510.5889,0.0010438413361169101,5.448025158782954e-07,-0.6517673632614437,0.9644857829552751,98.518605
2023-10-23,3474.2438,0.001095290251916758,5.998305478982502e-07,-1.0406957357291196,1.5727791766995025,96.561652
2023-10-24,3487.1302,0.0,0.0,0.3702261857848989,1.2061503671756335,115.547289
2023-10-25,3504.4576,0.026570048309178744,0.0003530460543342828,0.49566524718555005,0.8792012816386385,128.009617
2023-10-26,3514.1448,0.02329450915141431,0.0002713538947707317,0.276043736325128,1.07301482798206,105.143566
2023-10-27,3562.3851,0.04774535809018567,0.0011404599340105737,1.3634096924963093,2.3203432309006002,120.225108
2023-10-30,3583.7718,0.018148820326678767,0.00016470340323060384,0.5985528767481467,1.0828709571826518,144.010426
2023-10-31,3572.5056,-0.006666666666666667,2.222246914129755e-05,-0.31486228601462724,0.759325114656387,112.587267
2023-11-01,3571.0268,0.032520325203252036,0.0005289256568378198,-0.041402486566009575,1.1649750768182003,97.645538
2023-11-02,3554.1889,0.004987531172069825,1.2437810945731265e-05,-0.4726293786034514,1.2146509175300064,90.359643
2023-11-03,3584.1364,0.035218783351120594,0.0006203737821813826,0.8390672725506256,1.0502483894592924,97.542101
2023-11-06,3632.6084,0.025500910746812388,0.0003252011023369139,1.343340529964992,0.9717318650419372,152.982463
2023-11-07,3619.7593,0.04054054054054054,0.0008221056425032902,-0.3543425809558976,0.6127087301733136,110.288591
2023-11-08,3611.0723,0.011574074074074073,6.698183861941764e-05,-0.24027676648927782,0.9758615081271667,110.59423
2023-11-09,3612.8263,0.008962868117797696,4.016730915490374e-05,0.048561036957762406,0.6377075664475873,111.872057
2023-11-10,3586.4893,0.02434782608695652,0.0002964522595514385,-0.7316561449093594,0.6508432172405434,102.107034
2023-11-13,3579.4141,0.028938906752411574,0.00041881786621489336,-0.1974685368791237,1.0226387217740673,96.707649
2023-11-14,3582.0584,0.019963702359346643,0.00019929456510814347,0.07384794454416722,0.8722602274396797,100.884158
2023-11-15,3607.2454,0.0018796992481203006,1.7666361922241691e-06,0.7006826738225458,0.6563171694862006,104.929218
2023-11-16,3572.3641,-0.002277904328018223,2.5944274293365766e-06,-0.9716844474267466,0.9174641951922583,87.46478
2023-11-17,3568.0685,0.013774104683195593,9.486747983111776e-05,-0.12031765465315332,0.7486106793892227,87.319207
2023-11-20,3576.3233,-0.004796163069544364,1.1501656238865898e-05,0.23108485381220117,1.17411241036956,91.080445
2023-11-21,3581.0674,-0.023622047244094488,0.00027903948951946145,0.1325650895305748,1.0951558816855456,108.594314
2023-11-22,3544.4162,-0.024271844660194174,0.00029460461754460265,-1.0287448626604225,0.8417717471935975,84.784381
2023-11-23,3561.5204,-0.003076923076923077,4.733739014772809e-06,0.48140685727025506,0.9060482389574872,84.800167
2023-11-24,3538.0087,-0.019417475728155338,0.00018853695491849454,-0.6623477592530993,0.751290935523922,85.018403
2023-11-27,3511.9424,-0.020316027088036117,0.00020639177710368717,-0.7394780023751533,1.1834462670677843,99.102314
2023-11-28,3518.5232,-0.024096385542168676,0.0002903600525784311,0.18720813944303416,0.5678313365770448,89.335789
2023-11-29,3488.3073,0.00597609561752988,1.785701885148594e-05,-0.8624751891447944,1.0555996290135823,98.841412
2023-11-30,3496.2028,0.004347826086956522,9.451840509822063e-06,0.22608610339468074,0.6777508900350478,101.35082
2023-12-01,3482.8813,0.0026905829596412557,3.6196248821562804e-06,-0.38175542772575605,1.2107170045958517,108.530941
2023-12-04,3460.138,-0.003278688524590164,5.374913665479042e-06,-0.6551438319548502,0.8210434926790605,97.156826
2023-12-05,3394.2571,-0.006910850034554251,2.3880209232274296e-05,-1.9223557398418245,1.644555577250454,100.472007
2023-12-06,3399.598,0.0077951002227171495,3.0382255281846682e-05,0.15722740687378373,1.0974680677084958,105.805519
2023-12-07,3391.2823,-0.0016420361247947454,1.348142226298421e-06,-0.24490798803973207,1.022704624883545,97.713248
2023-12-08,3399.4618,0.02147239263803681,0.0002305584013893025,0.24090155173751376,0.763646104384969,129.522054
2023-12-11,3419.4548,0.0,0.0,0.5863998187248521,2.3538906203421472,139.626249
2023-12-12,3426.803,0.006153846153846154,1.8935090511429387e-05,0.21466333978044913,0.6276092491697255,105.590013
2023-12-13,3369.605,-0.007712082262210797,2.973854860022218e-05,-1.683222974761668,1.4447413317928597,95.285367
2023-12-14,3351.9639,-0.013626040878122634,9.283880452792825e-05,-0.5249113939963295,1.433341824318043,83.655135
2023-12-15,3341.5517,0.016352201257861635,0.00013370618166030912,-0.3111132929438227,1.456169067894341,97.787783
2023-12-18,3329.3657,0.000998003992015968,4.980061080184228e-07,-0.3653474574506217,1.122989845611577,90.526826
2023-12-19,3334.0412,-0.005226480836236934,1.365814423825995e-05,0.14033364125818817,0.9788935878326802,83.808118
2023-12-20,3297.5022,-0.011292346298619825,6.37605751694359e-05,-1.1019868999532874,1.241071946048197,92.412868
2023-12-21,3330.8698,-0.008021390374331552,3.217186928328175e-05,1.006819830524892,1.6718716158991298,102.546198
2023-12-22,3337.2281,-0.019390581717451522,0.0001880150044915041,0.19070811564037446,1.2932666224986074,105.220133
2023-12-25,3347.4508,0.005970149253731343,1.7821499858849954e-05,0.3058548696843727,0.5554155440984296,74.542693
2023-12-26,3324.7902,-0.012544802867383513,7.868913548081391e-05,-0.6792526566996366,0.885108329551201,74.732935
2023-12-27,3336.3572,0.0017605633802816902,1.5497929090058093e-06,0.34729787322696914,0.9500252520734258,94.403928
2023-12-28,3414.5403,0.016203703703703703,0.00013128862521027962,2.31633188509078,2.7297978713796964,148.064851
2023-12-29,3431.1099,0.00267379679144385,3.574601029843194e-06,0.4840922885131526,0.6711866395458441,114.928932
2024-01-02,3386.3522,-0.005819592628516004,1.6933972560639887e-05,-1.3130500000731902,1.1718309984853732,116.180726
2024-01-03,3378.2971,-0.01877133105802048,0.00017619695752879583,-0.23815288716185187,0.8937501570014121,105.613851
2024-01-04,3347.0519,-0.02925531914893617,0.0004280284534315948,-0.9291837436039434,1.527298854821429,106.721013
2024-01-05,3329.1114,-0.0022624434389140274,2.5593284321834275e-06,-0.5374506997078489,1.7645626703740263,126.400574
2024-01-08,3286.0564,-0.007383966244725738,2.7261850355841943e-05,-1.3017238342875814,1.5165475590295712,117.429485
2024-01-09,3292.4994,0.0,0.0,0.19587892102615334,0.9351056410164146,109.330465
2024-01-10,3277.129,-0.014814814814814815,0.0001097453910240409,-0.467923818793512,1.3574803919161242,94.199366
2024-01-11,3295.6717,-0.0200445434298441,0.00020091204348005043,0.5642267288734283,1.3476205979752083,108.789735
2024-01-12,3284.1667,-0.01059322033898305,5.6109732726183914e-05,-0.34970499351152323,0.9338667804442298,96.853555
2024-01-15,3280.9195,-0.01849217638691323,0.00017099491339256367,-0.09892330933307952,1.390124135256487,88.85153
2024-01-16,3300.8762,-0.01282051282051282,8.218615177224553e-05,0.6064229905750576,1.232680218061254,113.276665
2024-01-17,3229.082,0.008,3.2000512016350235e-05,-2.1990062068256426,1.9035305121243493,108.769728
2024-01-18,3274.7286,-0.011314186248912098,6.400745371459848e-05,1.4037109111496884,3.3366234753433166,174.909168
2024-01-19,3269.7763,0.004429678848283499,9.811075478038944e-06,-0.15134226411072568,1.0744522302112203,118.501408
2024-01-22,3218.9016,0.0038461538461538464,7.396477058052575e-06,-1.5681389433262163,2.7258186110424427,148.705628
2024-01-23,3231.9329,-0.020440251572327043,0.00020892376674019886,0.4040195954808554,1.907672458137524,122.012
2024-01-24,3277.1089,0.001081081081081081,5.843683226203211e-07,1.3881221474081462,2.8128062539850776,154.371954
2024-01-25,3342.9189,0.0,0.0,1.9882746717866897,2.2512211868669803,196.833614
2024-01-26,3333.8213,0.01355421686746988,9.186261681537466e-05,-0.27251638847024123,1.1052098742185492,180.664005
2024-01-29,3303.9604,-0.004511278195488722,1.017586725260422e-05,-0.899731349721521,1.4247553904862433,184.164795
2024-01-30,3245.0387,0.00522875816993464,1.3670049434977294e-05,-1.799459398974998,1.6877193476190662,143.64935
2024-01-31,3215.3518,-0.003524229074889868,6.210114568916403e-06,-0.9190499849532225,1.556260457445342,153.143469
2024-02-01,3217.7109,-0.004188481675392671,8.771727844192334e-06,0.07334298500620089,1.8579951906177543,145.516792
2024-02-02,3179.6276,-0.014814814814814815,0.0001097453910240409,-1.1906123109234383,4.0057130792192375,173.758089
2024-02-05,3200.4218,0.0,0.0,0.6518530602880647,3.855729760874824,203.04297
2024-02-06,3311.6922,0.009925558312655087,4.925956716139712e-05,3.4176683802523344,4.053675187618501,202.713099
2024-02-07,3343.6303,0.007352941176470588,2.7033237370299723e-05,0.9597835468869923,1.6269396621805443,216.647933
2024-02-08,3364.9297,0.018808777429467086,0.00017690070112463818,0.6349938457429425,0.9018899827988094,189.977578
2024-02-19,3403.8078,-0.00964630225080386,4.6526655921752536e-05,1.1487674784309956,1.1721718495066857,183.3198
2024-02-20,3410.8542,0.011834319526627219,7.002801129030178e-05,0.20680123273212306,1.0533053036969235,140.734581
2024-02-21,3456.8713,0.011764705882352941,6.920654702224915e-05,1.340117297573946,3.3830814028985565,188.879362
2024-02-22,3486.6747,0.0035714285714285713,6.3775713571301296e-06,0.858454254593906,1.1036357520698228,141.020784
2024-02-23,3489.7416,0.0022123893805309734,2.4473363803290127e-06,0.08792193773087832,0.9910770063327107,144.821273
2024-02-26,3453.3585,0.015086206896551725,0.00011380329485777274,-1.048045757715787,1.3611194588638373,151.248331
2024-02-27,3494.7874,-0.007246376811594203,2.6255333119062918e-05,1.192530829731328,1.6544518375444517,139.528246
2024-02-28,3450.2598,-0.0024330900243309003,2.9599679138847534e-06,-1.2823011522909118,2.048148248232215,189.837548
2024-02-29,3516.0826,0.0055147058823529415,1.5206106097287453e-05,1.8897939596352609,2.248617015203238,155.944532
2024-03-01,3537.8038,0.033783783783783786,0.0005708349496446052,0.615866698833239,1.1606570174870479,162.70957
2024-03-04,3540.8686,0.0171990171990172,0.00014791403558700456,0.08659251391561114,0.8185726715192095,163.244613
2024-03-05,3565.5143,0.005128205128205128,1.3149330370887391e-05,0.6936242856164941,1.4559530950424613,166.422389
2024-03-06,3551.0481,-0.023411371237458192,0.0002740837125497775,-0.4065507786512169,0.9066211904331952,143.076613
2024-03-07,3529.7195,-0.016483516483516484,0.00013586238712526288,-0.6024393317779148,1.3259079974017123,148.11051
2024-03-08,3544.9099,-0.018691588785046728,0.00017470300622479673,0.42943375505335635,1.046120919975085,125.792664
2024-03-11,3589.2635,0.0061162079510703364,1.8704174773453985e-05,1.2434284667935624,1.3176560515155942,148.202825
2024-03-12,3597.4939,-0.006993006993006993,2.4451372336864452e-05,0.2290435905940713,0.8770556474856899,180.68556
2024-03-13,3572.361,0.013054830287206266,8.521792796145622e-05,-0.7010742418553548,0.8676589208489722,144.59059
2024-03-14,3562.2229,-0.019230769230769232,0.00018492834184935525,-0.28419616240185286,1.4517003328539864,140.962722
2024-03-15,3569.993,-0.02142857142857143,0.00022961819899336433,0.21788748918951115,1.1012273585623993,138.316044
2024-03-18,3603.528,0.011961722488038277,7.154396170960808e-05,0.9349730570252965,0.8540045505539069,160.379438
2024-03-19,3577.6303,-0.03081232492997199,0.0004748124072061488,-0.7212711707903809,0.933534813772236,145.571786
2024-03-20,3585.3838,-0.011834319526627219,7.002801129030178e-05,0.21648716364173998,0.5898731453513336,129.528966
2024-03-21,3581.0902,0.015151515151515152,0.00011479079415643856,-0.11982463101735089,0.7268914034042452,130.743377
2024-03-22,3545.0023,0.0,0.0,-1.0128470408895993,1.4897871856359495,139.227358
2024-03-25,3525.7634,-0.01669449081803005,0.00013936272282089046,-0.5441828592219171,1.105585300050754,137.015724
2024-03-26,3543.7467,0.0045351473922902496,1.028383381351805e-05,0.5087577083770783,0.8220572052107036,126.209535
2024-03-27,3502.7866,0.006036217303822937,1.821812561952907e-05,-1.1625734128965095,1.1404266601038437,128.626763
2024-03-28,3520.9648,0.0,0.0,0.5176219815450503,1.7563331672679483,143.334717
2024-03-29,3537.4843,-0.006944444444444444,2.4112945038012867e-05,0.46807818339174023,0.6053702156311787,128.64329
2024-04-01,3595.6466,0.029411764705882353,0.0004326195313865133,1.6308011120952715,1.3795957911672025,162.776561
2024-04-02,3580.6759,0.002638522427440633,3.480906358377389e-06,-0.41722544428915276,0.7658510445901323,141.272972
2024-04-03,3567.8031,-0.031413612565445025,0.0004935293127972251,-0.3601553257586781,0.6597784405385644,135.592331
2024-04-08,3536.4077,0.0067226890756302525,2.259752952793459e-05,-0.8838590314792912,0.9023945755418822,155.304283
2024-04-09,3533.4871,0.010638297872340425,5.6588291927672785e-05,-0.0826207531726923,0.7038226939973323,129.670942
2024-04-10,3504.7086,0.02102803738317757,0.00022111362371146637,-0.8177851714302322,1.1729197032678687,128.790274
2024-04-11,3504.2447,-0.01078167115902965,5.812390568493697e-05,-0.013237354589799468,1.0181721842128786,126.534395
2024-04-12,3475.8389,0.005607476635514018,1.5722020699882044e-05,-0.8139145156742146,1.3350308488488412,128.921116
2024-04-15,3549.0759,0.0056179775280898875,1.5780960272437916e-05,2.085139978770184,2.2461921412908183,183.94125
2024-04-16,3511.1146,0.011589403973509934,6.715939742296673e-05,-1.0753722814637892,1.1884491895100886,176.153065
2024-04-17,3565.403,0.003976143141153081,7.904888383092334e-06,1.5343554028548092,1.922615399074457,168.466398
2024-04-18,3569.8018,0.05120481927710843,0.001311827203907101,0.12329850874846476,1.5437088478728784,178.574105
2024-04-19,3541.6619,0.0,0.0,-0.7913995783959946,0.8920813189010004,147.281505
2024-04-22,3530.9045,0.01747311827956989,0.00015266658474899497,-0.3042009841177061,0.8508276134225689,150.579042
2024-04-23,3506.2249,0.006928406466512702,2.400169612337688e-05,-0.7014138799965217,0.9603593375941527,143.113504
2024-04-24,3521.6219,0.02040816326530612,0.00020826825176400998,0.43817189169519316,0.8229866944843521,121.739851
2024-04-25,3530.2813,0.03625377643504532,0.0006573842299140154,0.24559056206020904,1.099987689330451,115.187722
2024-04-26,3584.2686,0.04833836858006042,0.0011689821981807347,1.5176880345412833,1.5851883997519733,197.216133
2024-04-29,3623.9124,0.008741258741258742,3.8205532022161925e-05,1.0999779202213968,1.8565280158884212,222.721381
2024-04-30,3604.3943,0.02158273381294964,0.00023293432862103725,-0.5400475726166257,0.7274229041782154,191.296899
2024-05-06,3657.8767,0.004418262150220913,9.760567848404733e-06,1.4729102479912781,0.6157647507118068,208.018007
2024-05-07,3659.0076,0.03347280334728033,0.0005603712899541202,0.030912064825339928,0.4732802301321015,164.834286
2024-05-08,3630.2233,0.0045045045045045045,1.0145331879374275e-05,-0.7897801568855183,0.6109400638952414,130.035336
2024-05-09,3664.561,-0.007042253521126761,2.479697477286713e-05,0.9414384908953368,1.0779223260926607,146.559017
2024-05-10,3666.2771,0.01694915254237288,0.00014364720321180524,0.046818658601848924,0.8978465517482468,150.720536
2024-05-13,3664.6907,-0.006191950464396285,1.917030902709449e-05,-0.04327941598003328,1.0677338111875585,157.267455
2024-05-14,3657.0454,0.032846715328467155,0.0005395989374413768,-0.20883852338393583,0.7939053260223745,133.40649
2024-05-15,3626.0559,0.0,0.0,-0.8510024986955377,0.8934981750022981,123.522764
2024-05-16,3640.3592,0.0,0.0,0.39368294479772326,0.8552960507478995,154.630503
2024-05-17,3677.9696,0.0,0.0,1.0278502687711857,1.3831545212630252,164.570417
2024-05-20,3690.9623,0.012195121951219513,7.436326465015686e-05,0.35263491751993525,0.6933459655889452,184.609423
2024-05-21,3676.1611,0.008645533141210375,3.737332003039828e-05,-0.40181816188235897,0.5294919033443672,130.678283
2024-05-22,3684.451,-0.005263157894736842,1.3850511430768542e-05,0.22525038386657215,0.6737873290917202,151.914605
2024-05-23,3641.7917,0.008849557522123894,3.915810084709204e-05,-1.164574636115049,1.1182546269806035,142.57299
2024-05-24,3601.4754,-0.024844720496894408,0.0003086777092484727,-1.1132190983596792,1.412462837946491,124.791177
2024-05-27,3635.7079,-0.00641025641025641,2.054590468969497e-05,0.9460242717951572,0.9510893223699576,131.272644
2024-05-28,3609.1724,0.041666666666666664,0.000868432643183481,-0.7325343569654488,0.9123393923519845,123.532238
2024-05-29,3613.5223,-0.0335195530726257,0.0005619381063119988,0.12045090389653562,0.839613848884174,115.906321
2024-05-30,3594.3121,0.017857142857142856,0.00015945148789875407,-0.5330379256448552,1.0340310169919604,122.602995
2024-05-31,3579.9247,-0.034482758620689655,0.0005947071593490616,-0.40108570956211703,0.9651502940704463,112.462019
2024-06-03,3588.7483,0.0,0.0,0.24617120786335106,0.9132513345898732,141.054591
2024-06-04,3615.6714,0.01951219512195122,0.00019038100170143402,0.7474085756360476,1.1724392516704385,124.545096
2024-06-05,3594.7936,-0.006289308176100629,1.977789424956189e-05,-0.5790988055739421,0.8096401311225946,110.906766
2024-06-06,3592.2454,-0.009868421052631578,4.869405259144699e-05,-0.07091098592278275,1.1329967967655359,137.893517
2024-06-07,3574.1143,0.012552301255230125,7.878323680021726e-05,-0.5060069392320179,1.4251123640911718,131.103026
2024-06-11,3542.8771,0.010638297872340425,5.6588291927672785e-05,-0.8778260035281155,1.1117093795247055,134.522306
2024-06-12,3544.1225,0.0,0.0,0.03514604439428332,0.5535967786913036,122.813729
2024-06-13,3526.1306,0.027190332326283987,0.000369725434455348,-0.5089475180636833,0.8738728825494778,123.245462
2024-06-14,3541.5331,0.01276595744680851,8.148815492659e-05,0.4358590062463737,1.2374425774478885,171.516942
2024-06-17,3536.1986,0.0,0.0,-0.1507404133478877,0.5680099442453802,137.433438
2024-06-18,3545.5902,0.009302325581395349,4.326756665229414e-05,0.2652325781218718,0.5342372418181507,123.671838
2024-06-19,3528.749,0.03361344537815126,0.0005650915193076145,-0.47612169387299624,0.5238954026912144,106.642797
2024-06-20,3503.2817,0.00625,1.9531440738518313e-05,-0.7243259431347746,0.9626083158264024,111.617396
2024-06-21,3495.6198,0.02631578947368421,0.0003463203567063422,-0.21894587488497522,0.9079367755744645,109.186615
2024-06-24,3476.8102,-0.01903367496339678,0.00018115680019925584,-0.53954347709638,0.9906504688926456,117.990184
2024-06-25,3457.9023,0.007481296758104738,2.7985292179733e-05,-0.5453130711547871,1.229732184420161,118.448118
2024-06-26,3480.2648,0.011142061281337047,6.207469143215683e-05,0.64462493092157,1.3015927137683645,105.898861
2024-06-27,3454.1175,-0.014285714285714285,0.00010204602302188448,-0.7541385170448811,0.5362666467236327,114.918101
2024-06-28,3461.657,-0.0028011204481792717,3.923145578177412e-06,0.21803784917885988,1.183646490037083,135.409153
2024-07-01,3478.1827,-0.0056657223796034,1.605033384799448e-05,0.47625685752935454,1.0441200229343521,121.82977
2024-07-02,3471.7857,0.0,0.0,-0.18408721992226829,0.6844740020434239,121.650121
2024-07-03,3463.4141,-0.03821656050955414,0.0007305195780171747,-0.2414235871381695,0.6839206703942591,103.857108
2024-07-04,3445.8128,0.0018115942028985507,1.6409381243809307e-06,-0.5095023895188414,1.1079815995923268,104.429909
2024-07-05,3431.0605,-0.00554016620498615,1.5346838552199316e-05,-0.4290415712504689,1.4996785952587424,116.609659
2024-07-08,3401.7604,0.013636363636363636,9.297952920794827e-05,-0.8576334729793503,0.9416681158508968,115.528218
2024-07-09,3439.8111,0.028315946348733235,0.0004009768000092784,1.1123494752744543,1.8765517224727728,131.629443
2024-07-10,3428.9657,0.0,0.0,-0.31578865723950833,0.6944016225049229,127.203456
2024-07-11,3468.169,0.02564102564102564,0.0003287851477985493,1.136811847372326,1.0377654020918206,145.892466
2024-07-12,3472.4014,0.014598540145985401,0.00010656436517897383,0.12196117266167919,0.6266165398423549,130.874589
2024-07-15,3476.2467,0.0029850746268656717,4.455345189002813e-06,0.11067765519817326,0.5954781710052427,118.517083
2024-07-16,3498.2827,0.047619047619047616,0.0011344303141413992,0.6319013674132575,1.0317460157924767,120.659017
2024-07-17,3501.5836,0.0,0.0,0.09431323694506291,0.8071309230270731,131.802062
2024-07-18,3520.931,0.01674641148325359,0.00014023098114723798,0.5510119965059262,1.3453095553832,123.768199
2024-07-19,3539.0156,0.023880597014925373,0.0002851821213157857,0.5123166103060623,1.485133357572694,132.447975
2024-07-22,3514.9249,0.01978021978021978,0.00019564768628543838,-0.6830449920198249,1.3128170606765508,132.126337
2024-07-23,3439.8779,0.006147540983606557,1.889630860774094e-05,-2.158218288895174,2.0119180969055437,128.89766
2024-07-24,3418.1663,-0.00510204081632653,1.3015494947254957e-05,-0.6331738875771058,1.2538702657827392,127.036263
2024-07-25,3399.2716,0.013333333333333334,8.889283985735741e-05,-0.5543064317216502,0.9428890419554796,131.022242
2024-07-26,3409.2931,0.008264462809917356,3.415125592243218e-05,0.29437943762596147,0.9445654897417826,124.195558
2024-07-29,3390.742,0.022332506203473945,0.000249401517222525,-0.545619125471861,0.578402149497504,109.787786
2024-07-30,3369.3821,-0.015625,0.00012207776399020265,-0.6319402060574553,0.8282476127994008,104.952164
2024-07-31,3442.0844,0.00847457627118644,3.590986624735226e-05,2.134784367895829,2.3785293384623967,171.959177
2024-08-01,3419.2666,0.01968503937007874,0.00019376916074465012,-0.6651134482692493,0.848891186142758,136.323464
2024-08-02,3384.3919,-0.0297029702970297,0.0004412305644385661,-1.0251838902348196,1.1216889810553028,116.615255
2024-08-05,3343.3205,0.009416195856873822,4.433335493070345e-05,-1.2209769917402504,1.9463114770425411,142.812516
2024-08-06,3342.9789,0.0,0.0,-0.010217909185965091,1.7376204605036905,119.340279
2024-08-07,3341.489,0.0,0.0,-0.04457796931518292,0.9688107003732895,95.084377
2024-08-08,3342.9369,-0.01282051282051282,8.218615177224553e-05,0.04332159692711205,1.3145300755335145,92.495695
2024-08-09,3331.6274,-0.03064066852367688,0.00046953551558914786,-0.3388838676227704,1.0462780072341402,91.511626
2024-08-12,3325.8645,0.005263157894736842,1.3850511430768542e-05,-0.1731253008177959,0.546301822812929,79.938754
2024-08-13,3334.3903,-0.015184381778741865,0.0001152893708208369,0.25602037498518077,0.7470981067867467,84.489679
2024-08-14,3309.2389,0.0,0.0,-0.7571620691752355,0.7132491542387972,78.742407
2024-08-15,3341.953,0.002325581395348837,2.704168069467272e-06,0.9837143267467686,1.7669612864403044,104.766399
2024-08-16,3345.634,0.00821917808219178,3.3778014650542865e-05,0.11008456029771621,0.6360284322926514,96.519083
2024-08-19,3356.9677,-0.002457002457002457,3.018435092316807e-06,0.3381884023360703,0.959882918124435,105.57111
2024-08-20,3332.7034,0.010723860589812333,5.750224622902422e-05,-0.7254289798614261,1.2176619192161582,101.668331
2024-08-21,3321.635,0.018018018018018018,0.00016233766340734146,-0.3326674882543862,0.9462687914783179,89.954751
2024-08-22,3313.1357,0.005758157389635317,1.6578325682359285e-05,-0.256204925037887,0.6769515455548589,100.366504
2024-08-23,3327.1905,-0.0022675736961451248,2.570948538616058e-06,0.4233171854778825,0.921458748655516,89.525774
2024-08-26,3324.2231,0.018867924528301886,0.00017801513269655178,-0.08922615177230389,0.7508012969485428,93.990772
2024-08-27,3305.3338,0.0016638935108153079,1.3842717657697179e-06,-0.5698525980312442,0.6345252847141784,95.808157
2024-08-28,3286.4956,0.02422145328719723,0.0002933824362989501,-0.571563678047326,0.9350088527433951,92.69665
2024-08-29,3277.6812,-0.010638297872340425,5.6588291927672785e-05,-0.26856087416222985,0.6480451508841492,130.702333
2024-08-30,3321.4323,0.017543859649122806,0.00015390534912229636,1.3259884389376055,2.3538887065065137,188.695443
2024-09-02,3265.011,0.009259259259259259,4.286785984175534e-05,-1.7132973769498065,1.3086671545972892,147.612353
2024-09-03,3273.4282,-0.01098901098901099,6.038100419114567e-05,0.2574683159796378,0.6237653186385019,122.897306
2024-09-04,3252.1649,0.017543859649122806,0.00015390534912229636,-0.6516917291298054,0.7053599995216918,104.832482
2024-09-05,3257.7578,-0.012320328542094456,7.589812795549822e-05,0.17182696734825129,0.6051377064775842,97.10945
2024-09-06,3231.3457,0.016129032258064516,0.0001300813013633828,-0.8140491473246482,1.344810555996953,88.400417
2024-09-09,3192.9516,-0.011379800853485065,6.475203014522091e-05,-1.195292039801617,1.3117129204429971,108.673069
2024-09-10,3195.7552,0.021437578814627996,0.00022981129933330458,0.0877673766456223,1.0445216370662442,97.290078
2024-09-11,3186.1299,-0.007320644216691069,2.6796274893881034e-05,-0.3016446440987152,0.731459570096272,102.48211
2024-09-12,3172.4747,0.0,0.0,-0.4295036993443384,0.9312690702790732,92.868657
2024-09-13,3159.247,-0.015184381778741865,0.0001152893708208369,-0.4178237727577415,0.9346800644564578,88.336677
2024-09-18,3171.0102,-0.005390835579514825,1.4530659692701953e-05,0.3716504138199999,1.0784717308398692,84.722814
2024-09-19,3196.0357,0.02631578947368421,0.0003463203567063422,0.7860985852472009,2.0128542036767842,125.439272
2024-09-20,3201.0497,0.005449591280653951,1.4849132811467491e-05,0.15675892107855255,1.0895642963585916,118.064098
2024-09-23,3212.7639,0.00487012987012987,1.1859152795778982e-05,0.36528074421164003,0.9998621539597327,95.344855
2024-09-24,3351.909,0.012232415902140673,7.481879832771376e-05,4.239843957265368,3.9388774455271056,204.072217
2024-09-25,3401.533,0.0030211480362537764,4.563678142055494e-06,1.4696178078189135,2.1009177792290483,241.564255
2024-09-26,3545.3204,0.020370370370370372,0.0002074975221239006,4.140232435989194,4.42980116727945,243.13401
2024-09-27,3703.6849,0.017543859649122806,0.00015390534912229636,4.369970625282988,3.0639452137844354,265.487774
2024-09-30,4017.8545,0.01916058394160584,0.00018358083945402282,8.141981072040236,6.1821589701849815,510.217707
2024-10-08,4256.0962,0.02415966386554622,0.00029188727813966864,5.7604301476072495,8.332996868217817,589.867894
2024-10-09,3955.9839,0.004580152671755725,1.0488954257370509e-05,-7.312301118260691,6.267437260505443,482.269295
2024-10-10,3997.7879,0.01,5.000125006249245e-05,1.0511839160420986,4.636617114582678,395.053099
2024-10-11,3887.167,0.02330293819655522,0.00027155033408821083,-2.8060568472753826,3.351055325659892,274.096505
2024-10-14,3961.3424,0.008695652173913044,3.780789808338625e-05,1.8902343048875159,2.8226186078677857,307.578993
2024-10-15,3855.9949,0.0031982942430703624,5.114556111962543e-06,-2.6953903587968226,2.859872563514345,242.486448
2024-10-16,3831.589,0.03745743473325766,0.0007017759531423584,-0.6349454474184983,1.8915282979326253,218.866407
2024-10-17,3788.2217,0.011477761836441894,6.587167792604376e-05,-1.1382899120795378,2.4596004046038553,212.31382
2024-10-18,3925.234,0.02973240832507433,0.00044210578116532506,3.5529266753357893,6.003896114518737,312.958834
2024-10-21,3935.1974,0.03460207612456748,0.0005988311354295783,0.2535078503685626,2.1103308050985166,291.185634
2024-10-22,3957.7755,0.040840140023337225,0.0008343065522744553,0.5721079210379723,1.2275519354506321,223.433396
2024-10-23,3973.2089,0.02843016069221261,0.00040421871487728023,0.38919303588495635,1.838217682261683,245.873949
2024-10-24,3928.8334,0.003968253968253968,7.873550774695204e-06,-1.123151833428787,1.115195606889727,174.724062
2024-10-25,3956.421,0.00980392156862745,4.80595939241768e-05,0.6997291694767125,1.7928922655256994,210.694885
2024-10-28,3964.1569,0.030977734753146177,0.00047992518931183614,0.19533681904166092,1.191487089710934,216.160415
2024-10-29,3924.649,0.037037037037037035,0.0006861064272561945,-1.0016276431536042,1.7624309787452366,217.293984
2024-10-30,3889.4487,0.026578073089700997,0.00035325938067576335,-0.9009495262216015,1.5853689594343985,219.436626
2024-10-31,3891.0396,0.016333938294010888,0.00013340766889935463,0.04089460611800706,1.664955331663815,300.636718
2024-11-01,3890.0203,0.0071301247771836,2.5419662748715766e-05,-0.02619951571971654,1.3633784311513109,307.986481
2024-11-04,3944.7619,0.008103727714748784,3.283574053025706e-05,1.3974221471078057,1.3667990271737527,229.23906
2024-11-05,4044.5725,0.012165450121654502,7.400182646633002e-05,2.4987261296340284,3.0427045582591354,316.862794
2024-11-06,4024.2831,0.016867469879518072,0.00014226588985988275,-0.5029075687660468,2.2040556468183743,335.807938
2024-11-07,4145.6952,0.012903225806451613,8.325008339438167e-05,2.972371146306609,3.9721916232714727,341.436414
2024-11-08,4104.047,0.019447287615148412,0.00018911638029583955,-1.009693462395277,2.5736946365655653,332.350385
2024-11-11,4131.1312,0.01171875,6.866690835338751e-05,0.6577707730125923,2.0651936353277636,289.594227
2024-11-12,4085.743,0.027985074626865673,0.0003916588992822767,-1.1047671056907764,2.9339630708302344,297.778086
2024-11-13,4110.8901,-0.03762376237623762,0.0007080243969450617,0.6135977685628404,1.503147061436943,240.484099
2024-11-14,4039.6191,-0.006259780907668232,1.959262044137766e-05,-1.7489169053457043,2.041539300689412,230.152784
2024-11-15,3968.8308,-0.00823045267489712,3.3870749230668906e-05,-1.7678862843256729,2.0015261349297075,247.399463
2024-11-18,3950.3806,0.011025358324145534,6.078111025953348e-05,-0.46596138051198205,2.5830310744420424,306.777946
2024-11-19,3976.8912,0.0247074122236671,0.0003052747057180616,0.668847984521444,2.092489800340026,242.946465
2024-11-20,3985.7727,0.01507537688442211,0.00011363995112290137,0.22307870317534334,1.074108010090681,184.599372
2024-11-21,3989.2979,0.011747430249632892,6.900343947235932e-05,0.08840549272616244,0.8412009734164262,166.125927
2024-11-22,3865.6989,-0.0039603960396039604,7.842399146862356e-06,-3.1472756870787424,3.171241781211927,216.285809
2024-11-25,3848.0909,0.02622950819672131,0.00034405273626358923,-0.4565338449490279,2.0095754560541046,190.702953
2024-11-26,3840.1847,0.01507537688442211,0.00011363995112290137,-0.20566907843211418,1.0882721197130403,149.892441
2024-11-27,3907.0447,0.008928571428571428,3.986048830684208e-05,1.7260792609562208,2.310695563985685,174.136096
2024-11-28,3872.5505,0.003942181340341655,7.770427049802464e-06,-0.8867923115554377,1.0901978432974346,150.117291
2024-11-29,3916.5832,0.019120458891013385,0.0001828126843402833,1.130630716142679,2.3698391994321724,187.656713
2024-12-02,3947.632,0.010416666666666666,5.425494402166997e-05,0.7896264417277946,1.3479320981066916,197.289784
2024-12-03,3951.8912,0.038461538461538464,0.0007399187102630211,0.10783436683179219,1.0423733996007631,182.496867
2024-12-04,3930.5568,0.02544529262086514,0.0003237838762799594,-0.5413153907375517,1.006164776050088,174.626318
2024-12-05,3921.5881,0.007763975155279503,3.0140109319010122e-05,-0.2284395923523181,0.6691561929293773,138.534038
2024-12-06,3973.1405,0.02495201535508637,0.00031135000455295714,1.306014060080671,1.7987445454371167,192.057907
2024-12-09,3966.5708,0.011217948717948718,6.292316638167872e-05,-0.1654896822094964,1.185584136783038,175.959958
2024-12-10,3995.6369,-0.001652892561983471,1.3660278437299667e-06,0.7301047701793668,2.705776974108201,253.463795
2024-12-11,3988.8308,0.006060606060606061,1.836564155932585e-05,-0.17048354140059757,0.7008450485441798,177.252846
2024-12-12,4028.5048,0.031496062992125984,0.0004961240615442009,0.989713436700924,1.2578314644710291,181.621777
2024-12-13,3933.1808,0.0022522522522522522,2.536323320367906e-06,-2.394682735434954,1.745836480948804,230.353079
2024-12-16,3911.8416,0.012804097311139564,8.197581399360665e-05,-0.5440201835291532,0.9467111779670667,178.511251
2024-12-17,3922.0334,0.022132796780684104,0.000244960349453871,0.26019832458756587,1.2161308863005926,160.93909
2024-12-18,3941.89,0.01675977653631285,0.00014045491856562453,0.5050059923115641,0.5620907805963797,157.738321
2024-12-19,3945.4635,0.046822742474916385,0.001096786076284717,0.09061341664248782,1.3903877173913197,161.08104
2024-12-20,3927.7441,0.021505376344086023,0.0002312673481436045,-0.45011971784890864,0.8976882676030388,154.986496
2024-12-23,3933.5718,-0.013888888888888888,9.645526909340951e-05,0.1482627372226493,0.955178677171181,190.067362
2024-12-24,3983.6882,0.00963855421686747,4.64519425872334e-05,1.266020552302649,1.2909387613245,161.494589
2024-12-25,3985.6291,0.03289473684210526,0.0005411782929279907,0.048709317631891784,0.9598809573116488,159.390747
2024-12-26,3987.4801,0.006787330316742082,2.3034191701243323e-05,0.046431071914930865,0.6531793726522184,143.425286
2024-12-27,3981.0307,0.01910828025477707,0.00018257985484926298,-0.16187218842093584,0.907360038888624,169.268666
2024-12-30,3999.0549,0.015665796344647518,0.00012271611717873387,0.4517302583865979,0.7285356387559939,164.612485
2024-12-31,3934.9109,-0.005405405405405406,1.4609310514335228e-05,-1.616981953744762,1.7491636591539554,183.928397
2025-01-02,3820.3952,0.013513513513513514,9.131169265264028e-05,-2.953436590039252,3.566748480245679,217.898724
2025-01-03,3775.1648,-0.014134275618374558,9.989386302000636e-05,-1.1909835387467287,1.7957281975068493,175.342676
2025-01-06,3768.9697,0.010706638115631691,5.731769252848018e-05,-0.1642362392274843,1.215525132391176,150.94667
2025-01-07,3796.1055,-0.034545454545454546,0.0005968723431730716,0.717399778957275,1.286500236044808,146.455779
2025-01-08,3789.2153,0.0,0.0,-0.18167199718371108,2.1094563639342763,169.166968
2025-01-09,3779.8773,0.03914590747330961,0.0007664947930884347,-0.2467404015520258,0.7028028692658628,129.794002
2025-01-10,3732.4806,-0.012244897959183673,7.497157338387517e-05,-1.2618495958235145,1.4449853127706627,137.523171
2025-01-13,3722.513,-0.021839080459770115,0.0002385011590655406,-0.2674074982328549,0.9077649567639323,136.446199
2025-01-14,3820.5395,0.005964214711729622,1.778608673630444e-05,2.5992665166281923,2.8563477965664066,170.664657
2025-01-15,3796.026,0.02826086956521739,0.00039941814171706724,-0.6436912973613149,0.7010101585594753,141.47552
2025-01-16,3800.3836,-0.004975124378109453,1.2376007871628403e-05,0.11472789666251171,1.7498060270659082,144.505871
2025-01-17,3812.3429,-0.013779527559055118,9.494219688577221e-05,0.3141925521220942,1.3512372157126546,126.621961
2025-01-20,3829.6764,0.014218009478672985,0.00010108100545269671,0.4536374234242288,0.9552890398900161,139.581277
2025-01-21,3832.6145,0.020905923344947737,0.00021855269809334388,0.07668986161828065,0.881300443190643,141.218406
2025-01-22,3797.0166,0.012594458438287154,7.931333697963616e-05,-0.9331554264925018,1.0727073833832794,137.255062
2025-01-23,3803.7439,0.009569377990430622,4.578754581152644e-05,0.17701654345399054,1.6280848298634238,180.569551
2025-01-24,3832.8637,0.0125,7.812805199625128e-05,0.7626407605101042,1.41646658270563,148.971722
2025-01-27,3817.0802,0.007518796992481203,2.8266553606104416e-05,-0.4126441344529745,0.9105841431689404,146.670772
2025-02-05,3795.0848,0.01002004008016032,5.0201861717447116e-05,-0.5779029018766741,1.56065212085493,157.168308
2025-02-06,3842.8314,0.010050251256281407,5.0505050537275054e-05,1.2502682856300005,1.4459105383310134,167.288176
2025-02-07,3892.7028,0.0273972602739726,0.00037537538860110686,1.2894284916242609,2.205055902978307,221.857707
2025-02-10,3901.0618,0.0,0.0,0.21450489292795474,0.7074038645022713,188.90304
2025-02-11,3883.1352,0.03745318352059925,0.0007016166108481103,-0.46059039080725916,0.8292727599029391,166.574909
2025-02-12,3919.8617,0.02735562310030395,0.00037423508355183266,0.9413503985017354,1.3705334976991264,164.22854
2025-02-13,3905.1398,0.02403846153846154,0.0002889655671175495,-0.3762789660833484,0.8723229188592388,172.485874
2025-02-14,3939.0085,0.005952380952380952,1.771557642193944e-05,0.8635458987621738,1.0508458454521017,172.976452
2025-02-17,3947.3983,-0.0022123893805309734,2.4473363803290127e-06,0.21276617800170491,0.8681377682962611,213.588246
2025-02-18,3912.7829,0.011547344110854504,6.667280063843428e-05,-0.8807843713023247,1.6156947143188785,209.425101
2025-02-19,3940.1602,0.024822695035460994,0.0003081305666348122,0.6972522420195474,1.007380432045345,182.829517
2025-02-20,3928.8959,0.017921146953405017,0.00016059664970469179,-0.28629374478347314,0.6236795607484226,163.895236
2025-02-21,3978.444,0.0038314176245210726,7.33990744383739e-06,1.2532343145841354,1.34686328153952,227.40033
2025-02-24,3969.7169,0.011661807580174927,6.80011900994204e-05,-0.21960057469798933,1.1759260477095757,220.810618
2025-02-25,3925.6505,0.008908685968819599,3.968313022095771e-05,-1.1162712346417767,1.0108109219943313,178.10858
2025-02-26,3959.9413,0.006185567010309278,1.913080261328748e-05,0.8697131937863404,0.8867549323038869,191.062501
2025-02-27,3968.1159,0.0225,0.0002531570442445563,0.20621957412155079,1.02362935426989,202.887963
2025-02-28,3890.0487,0.033203125,0.0005513757624985294,-1.9869720833221212,2.1906910993062954,198.104147
2025-03-03,3888.4738,0.012987012987012988,8.433480934244564e-05,-0.04049355186720422,1.4717570776480486,177.623166
2025-03-04,3885.2208,0.013544018058690745,9.172441927163266e-05,-0.08369251320675289,0.8958800159392771,149.850967
2025-03-05,3902.5706,0.045307443365695796,0.0010269094837117576,0.44556480296836554,0.755516821469261,158.652751
2025-03-06,3956.2369,0.003787878787878788,7.1740385891860825e-06,1.3657831477298408,1.203081489714472,193.960915
2025-03-07,3944.0143,0.012224938875305624,7.472735734148639e-05,-0.3094233193972485,0.8106153073566706,166.732375
2025-03-10,3928.8018,0.019130434782608695,0.00018300351262867665,-0.38645685965101717,1.1208626622776174,152.765232
2025-03-11,3941.4157,0.014634146341463415,0.00010708485315458205,0.3205479594624798,1.3277212530881917,144.754402
2025-03-12,3927.2315,0.011286681715575621,6.369662070404569e-05,-0.36052487811718004,0.8162171077723296,156.73219
2025-03-13,3911.5793,0.008746355685131196,3.825010042046717e-05,-0.39935192215695664,1.069577947302364,156.536443
2025-03-14,4006.5567,0.016971279373368148,0.00014402253302947532,2.399098864900642,2.383296878427801,216.139003
2025-03-17,3996.7876,0.0040595399188092015,8.239966124756748e-06,-0.24412556765214455,0.735501833601095,162.202911
2025-03-18,4007.7229,0.02809917355371901,0.00039485973430597454,0.2732286203639958,0.5219826615135346,140.208496
2025-03-19,4010.168,0.03529411764705882,0.0006230314543387294,0.06099110367779948,0.893021681983513,144.419428
2025-03-20,3974.9918,0.016975308641975308,0.0001440909328436213,-0.8810450491655575,1.055271147120051,133.75467
2025-03-21,3914.6956,0.017408123791102514,0.00015153286806823818,-1.528511102617456,1.9873490016056108,165.905294
2025-03-24,3934.8486,0.00904392764857881,4.089714994481852e-05,0.5134831721901654,0.789832745567218,152.234674
2025-03-25,3932.2951,0.0378619153674833,0.0007170193760400734,-0.06491555733679615,0.6311403008236235,140.475399
2025-03-26,3919.3566,0.0,0.0,-0.32957426553727287,0.6404291335565294,131.164187
2025-03-27,3932.4117,0.022099447513812154,0.0002442226125500824,0.33253941104043394,1.2558350027922895,126.793738
2025-03-28,3915.1662,0.04421768707482993,0.0009780802456071935,-0.43951211394954515,0.6847974836212368,126.356214
2025-03-31,3887.3056,0.022754491017964073,0.00025891694973678714,-0.7141510824859771,1.436899603981679,166.798523
2025-04-01,3887.6841,-0.0024096385542168677,2.9031831951797926e-06,0.009736347311147538,0.5870230681546765,140.380274
2025-04-02,3884.3858,0.014150943396226415,0.00010012961247118923,-0.0848757214086465,0.6000523448276474,113.043175
2025-04-03,3861.5034,-0.0079155672823219,3.132859344079364e-05,-0.5908286569494701,1.042685993159519,142.599789
2025-04-07,3589.4406,-0.014273719563392108,0.00010187472431688605,-7.306022088194999,5.363152954787362,312.578586
2025-04-08,3650.759,0.012027491408934709,7.233289081953753e-05,1.6938722550570866,1.849005870870915,280.197312
2025-04-09,3686.7943,0.01430615164520744,0.00010233822400385062,0.9822235897704312,2.734553409409956,262.305708
2025-04-10,3735.1151,0.0,0.0,1.3021307629714782,1.2677686867092985,227.252227
2025-04-11,3750.5167,-0.004484304932735426,1.0054545911852841e-05,0.411498244758409,1.4430423833934343,168.759691
2025-04-14,3759.1422,0.011705685618729096,6.851388497852717e-05,0.22971759191552682,0.6002495874402848,164.462403
2025-04-15,3761.2348,0.0,0.0,0.05565146678174698,0.7100855460276356,134.00604
2025-04-16,3772.8204,0.0,0.0,0.30755307267302906,1.428978346750624,156.359006
2025-04-17,3772.2221,-0.006122448979591836,1.874236639198834e-05,-0.01585942030821602,0.7868975565047476,122.371002
2025-04-18,3772.523,0.0,0.0,0.007976412620213683,0.7334247424003172,102.948509
